journal_name,issn,eissn,priority,domain,frequency,active,rss_url,crossref_query,pubmed_query,notes,collection_group,collection_mode,scope_keywords
Sports Coaching Review,2164-0629,2164-0637,A,教练/训练实践,daily,yes,,Sports Coaching Review,"""Sports Coaching Review""[Journal]",核心领域期刊,教练与训练实践,journal_all,
International Sport Coaching Journal,2328-918X,2328-9198,A,教练/训练实践,daily,yes,,International Sport Coaching Journal,"""International Sport Coaching Journal""[Journal]",核心领域期刊,教练与训练实践,journal_all,
International Journal of Sports Science & Coaching,,,A,教练/训练实践,daily,yes,,International Journal of Sports Science & Coaching,"""International Journal of Sports Science & Coaching""[Journal]",核心领域期刊,教练与训练实践,journal_all,
Journal of Coaching Education,1938-7016,,B,教练/训练实践,daily,yes,,Journal of Coaching Education,"""Journal of Coaching Education""[Journal]",核心领域期刊,教练与训练实践,journal_all,
Journal of Sports Analytics,2215-020X,2215-0218,B,竞赛分析/表现,daily,yes,,Journal of Sports Analytics,"""Journal of Sports Analytics""[Journal]",核心领域期刊,竞赛分析与表现,journal_all,
Sport Management Review,1441-3523,1839-2083,B,教练/运动组织,daily,yes,,Sport Management Review,"""Sport Management Review""[Journal]",跨学科扩展期刊；收录前按运动/运动员相关词筛选，来源范围仍需逐刊核验。,教练与运动组织,keyword_filter,sport|sports|athlete|athletic|coach|coaching|training|performance|team|competition
International Journal of Sport Policy and Politics,1940-6940,1940-6959,B,教练/运动组织,daily,yes,,International Journal of Sport Policy and Politics,"""International Journal of Sport Policy and Politics""[Journal]",跨学科扩展期刊；收录前按运动/运动员相关词筛选，来源范围仍需逐刊核验。,教练与运动组织,keyword_filter,sport|sports|athlete|athletic|coach|coaching|training|performance|team|competition
Journal of Sport Psychology in Action,2152-0704,2152-0712,B,运动心理/行为,daily,yes,,Journal of Sport Psychology in Action,"""Journal of Sport Psychology in Action""[Journal]",核心领域期刊,运动心理与行为,journal_all,
International Journal of Sport and Exercise Psychology,1612-197X,1557-251X,A,运动心理/行为,daily,yes,,International Journal of Sport and Exercise Psychology,"""International Journal of Sport and Exercise Psychology""[Journal]",核心领域期刊,运动心理与行为,journal_all,
"Sport, Exercise, and Performance Psychology",2157-3905,2157-3913,A,运动心理/行为,daily,yes,,"Sport, Exercise, and Performance Psychology","""Sport, Exercise, and Performance Psychology""[Journal]",核心领域期刊,运动心理与行为,journal_all,
Journal of Sport Behavior,,,B,运动心理/行为,daily,yes,,Journal of Sport Behavior,"""Journal of Sport Behavior""[Journal]",跨学科扩展期刊；收录前按运动/运动员相关词筛选，来源范围仍需逐刊核验。,运动心理与行为,keyword_filter,sport|sports|athlete|athletic|coach|coaching|exercise|training|performance|competition|team
Sport in Society,1743-0437,1743-0445,B,教练/运动组织,daily,yes,,Sport in Society,"""Sport in Society""[Journal]",跨学科扩展期刊；收录前按运动/运动员相关词筛选，来源范围仍需逐刊核验。,教练与运动组织,keyword_filter,sport|sports|athlete|athletic|coach|coaching|training|performance|team|competition
Frontiers in Sports and Active Living,,2624-9367,A,综合运动科学,daily,yes,,Frontiers in Sports and Active Living,"""Frontiers in Sports and Active Living""[Journal]",核心领域期刊,综合运动科学,journal_all,
Sports,,2075-4663,B,综合运动科学,daily,yes,,Sports,"""Sports""[Journal]",核心领域期刊,综合运动科学,journal_all,
Sports Medicine and Health Science,2666-3376,,A,综合运动科学,daily,yes,,Sports Medicine and Health Science,"""Sports Medicine and Health Science""[Journal]",核心领域期刊,综合运动科学,journal_all,
"Exercise, Sport, and Movement",,2831-3461,A,综合运动科学,daily,yes,,"Exercise, Sport, and Movement","""Exercise, Sport, and Movement""[Journal]",核心领域期刊,综合运动科学,journal_all,
Sport Sciences for Health,1824-7490,1825-1234,B,综合运动科学,daily,yes,,Sport Sciences for Health,"""Sport Sciences for Health""[Journal]",核心领域期刊,综合运动科学,journal_all,
Journal of Human Sport and Exercise,1988-5202,1988-5202,B,综合运动科学,daily,yes,,Journal of Human Sport and Exercise,"""Journal of Human Sport and Exercise""[Journal]",核心领域期刊,综合运动科学,journal_all,
Journal of Science in Sport and Exercise,2096-6709,2662-1371,B,综合运动科学,daily,yes,,Journal of Science in Sport and Exercise,"""Journal of Science in Sport and Exercise""[Journal]",核心领域期刊,综合运动科学,journal_all,
Journal of Physical Activity and Health,1543-3080,1543-5474,A,运动健康/活动,daily,yes,,Journal of Physical Activity and Health,"""Journal of Physical Activity and Health""[Journal]",核心领域期刊,运动健康与活动,journal_all,
International Journal of Behavioral Nutrition and Physical Activity,1479-5868,1479-5868,A,运动健康/活动,daily,yes,,International Journal of Behavioral Nutrition and Physical Activity,"""International Journal of Behavioral Nutrition and Physical Activity""[Journal]",跨学科扩展期刊；收录前按运动/运动员相关词筛选，来源范围仍需逐刊核验。,运动健康与活动,keyword_filter,sport|sports|athlete|athletic|exercise|training|physical activity|performance|recovery|supplement|hydration|ergogenic|endurance|nutrition
Journal of Sport and Health Research,,1989-6239,B,综合运动科学,daily,yes,,Journal of Sport and Health Research,"""Journal of Sport and Health Research""[Journal]",核心领域期刊,综合运动科学,journal_all,
Aerospace Medicine and Human Performance,2375-6314,2375-6322,B,特殊环境/人体表现,daily,yes,,Aerospace Medicine and Human Performance,"""Aerospace Medicine and Human Performance""[Journal]",跨学科扩展期刊；收录前按运动/运动员相关词筛选，来源范围仍需逐刊核验。,特殊环境与人体表现,keyword_filter,sport|sports|athlete|exercise|training|heat|thermal|cold|hypoxia|altitude|acclimatization|endurance|performance|environmental stress
Journal of Thermal Biology,0306-4565,,B,特殊环境/人体表现,daily,yes,,Journal of Thermal Biology,"""Journal of Thermal Biology""[Journal]",跨学科扩展期刊；收录前按运动/运动员相关词筛选，来源范围仍需逐刊核验。,特殊环境与人体表现,keyword_filter,sport|sports|athlete|exercise|training|heat|thermal|cold|hypoxia|altitude|acclimatization|endurance|performance|environmental stress
Temperature,2332-8940,2332-8959,B,特殊环境/人体表现,daily,yes,,Temperature,"""Temperature""[Journal]",跨学科扩展期刊；收录前按运动/运动员相关词筛选，来源范围仍需逐刊核验。,特殊环境与人体表现,keyword_filter,sport|sports|athlete|exercise|training|heat|thermal|cold|hypoxia|altitude|acclimatization|endurance|performance|environmental stress
International Journal of Biometeorology,0020-7128,1432-1254,B,特殊环境/人体表现,daily,yes,,International Journal of Biometeorology,"""International Journal of Biometeorology""[Journal]",跨学科扩展期刊；收录前按运动/运动员相关词筛选，来源范围仍需逐刊核验。,特殊环境与人体表现,keyword_filter,sport|sports|athlete|exercise|training|heat|thermal|cold|hypoxia|altitude|acclimatization|endurance|performance|environmental stress
Nutrients,,2072-6643,A,运动营养/代谢,daily,yes,,Nutrients,"""Nutrients""[Journal]",跨学科扩展期刊；收录前按运动/运动员相关词筛选，来源范围仍需逐刊核验。,运动营养与代谢,keyword_filter,sport|sports|athlete|athletic|exercise|training|physical activity|performance|recovery|supplement|hydration|ergogenic|endurance|nutrition
Frontiers in Nutrition,,2296-861X,B,运动营养/代谢,daily,yes,,Frontiers in Nutrition,"""Frontiers in Nutrition""[Journal]",跨学科扩展期刊；收录前按运动/运动员相关词筛选，来源范围仍需逐刊核验。,运动营养与代谢,keyword_filter,sport|sports|athlete|athletic|exercise|training|physical activity|performance|recovery|supplement|hydration|ergogenic|endurance|nutrition
Clinical Nutrition,0261-5614,,B,运动营养/代谢,daily,yes,,Clinical Nutrition,"""Clinical Nutrition""[Journal]",跨学科扩展期刊；收录前按运动/运动员相关词筛选，来源范围仍需逐刊核验。,运动营养与代谢,keyword_filter,sport|sports|athlete|athletic|exercise|training|physical activity|performance|recovery|supplement|hydration|ergogenic|endurance|nutrition
European Journal of Nutrition,1436-6207,1436-6215,B,运动营养/代谢,daily,yes,,European Journal of Nutrition,"""European Journal of Nutrition""[Journal]",跨学科扩展期刊；收录前按运动/运动员相关词筛选，来源范围仍需逐刊核验。,运动营养与代谢,keyword_filter,sport|sports|athlete|athletic|exercise|training|physical activity|performance|recovery|supplement|hydration|ergogenic|endurance|nutrition
Journal of the Academy of Nutrition and Dietetics,2212-2672,,B,运动营养/代谢,daily,yes,,Journal of the Academy of Nutrition and Dietetics,"""Journal of the Academy of Nutrition and Dietetics""[Journal]",跨学科扩展期刊；收录前按运动/运动员相关词筛选，来源范围仍需逐刊核验。,运动营养与代谢,keyword_filter,sport|sports|athlete|athletic|exercise|training|physical activity|performance|recovery|supplement|hydration|ergogenic|endurance|nutrition
Nutrition Reviews,0029-6643,1753-4887,B,运动营养/代谢,daily,yes,,Nutrition Reviews,"""Nutrition Reviews""[Journal]",跨学科扩展期刊；收录前按运动/运动员相关词筛选，来源范围仍需逐刊核验。,运动营养与代谢,keyword_filter,sport|sports|athlete|athletic|exercise|training|physical activity|performance|recovery|supplement|hydration|ergogenic|endurance|nutrition
Nutrition & Metabolism,,,B,运动营养/代谢,daily,yes,,Nutrition & Metabolism,"""Nutrition & Metabolism""[Journal]",跨学科扩展期刊；收录前按运动/运动员相关词筛选，来源范围仍需逐刊核验。,运动营养与代谢,keyword_filter,sport|sports|athlete|athletic|exercise|training|physical activity|performance|recovery|supplement|hydration|ergogenic|endurance|nutrition
Journal of Dietary Supplements,1939-0211,1939-022X,B,运动营养/代谢,daily,yes,,Journal of Dietary Supplements,"""Journal of Dietary Supplements""[Journal]",跨学科扩展期刊；收录前按运动/运动员相关词筛选，来源范围仍需逐刊核验。,运动营养与代谢,keyword_filter,sport|sports|athlete|athletic|exercise|training|physical activity|performance|recovery|supplement|hydration|ergogenic|endurance|nutrition
Appetite,0195-6663,1095-8304,B,运动营养/代谢,daily,yes,,Appetite,"""Appetite""[Journal]",跨学科扩展期刊；收录前按运动/运动员相关词筛选，来源范围仍需逐刊核验。,运动营养与代谢,keyword_filter,sport|sports|athlete|athletic|exercise|training|physical activity|performance|recovery|supplement|hydration|ergogenic|endurance|nutrition
Journal of Human Nutrition and Dietetics,0952-3871,1365-277X,B,运动营养/代谢,daily,yes,,Journal of Human Nutrition and Dietetics,"""Journal of Human Nutrition and Dietetics""[Journal]",跨学科扩展期刊；收录前按运动/运动员相关词筛选，来源范围仍需逐刊核验。,运动营养与代谢,keyword_filter,sport|sports|athlete|athletic|exercise|training|physical activity|performance|recovery|supplement|hydration|ergogenic|endurance|nutrition
The Journal of Nutrition,,,B,运动营养/代谢,daily,yes,,The Journal of Nutrition,"""The Journal of Nutrition""[Journal]",跨学科扩展期刊；收录前按运动/运动员相关词筛选，来源范围仍需逐刊核验。,运动营养与代谢,keyword_filter,sport|sports|athlete|athletic|exercise|training|physical activity|performance|recovery|supplement|hydration|ergogenic|endurance|nutrition
Nutrition Journal,,,B,运动营养/代谢,daily,yes,,Nutrition Journal,"""Nutrition Journal""[Journal]",跨学科扩展期刊；收录前按运动/运动员相关词筛选，来源范围仍需逐刊核验。,运动营养与代谢,keyword_filter,sport|sports|athlete|athletic|exercise|training|physical activity|performance|recovery|supplement|hydration|ergogenic|endurance|nutrition
BMJ Open Sport & Exercise Medicine,,,A,运动损伤/恢复,daily,yes,,BMJ Open Sport & Exercise Medicine,"""BMJ Open Sport & Exercise Medicine""[Journal]",核心领域期刊,运动损伤与恢复,journal_all,
International Journal of Sports Physical Therapy,,2159-2896,A,运动损伤/恢复,daily,yes,,International Journal of Sports Physical Therapy,"""International Journal of Sports Physical Therapy""[Journal]",核心领域期刊,运动损伤与恢复,journal_all,
Musculoskeletal Science and Practice,2468-7812,,B,运动损伤/恢复,daily,yes,,Musculoskeletal Science and Practice,"""Musculoskeletal Science and Practice""[Journal]",跨学科扩展期刊；收录前按运动/运动员相关词筛选，来源范围仍需逐刊核验。,运动损伤与恢复,keyword_filter,sport|sports|athlete|athletic|exercise|training|return to sport|return-to-sport|sports injury|rehabilitation|physical therapy|performance
Clinical Rehabilitation,0269-2155,1477-0873,B,运动损伤/恢复,daily,yes,,Clinical Rehabilitation,"""Clinical Rehabilitation""[Journal]",跨学科扩展期刊；收录前按运动/运动员相关词筛选，来源范围仍需逐刊核验。,运动损伤与恢复,keyword_filter,sport|sports|athlete|athletic|exercise|training|return to sport|return-to-sport|sports injury|rehabilitation|physical therapy|performance
Journal of Orthopaedic Research,0736-0266,1554-527X,B,运动损伤/恢复,daily,yes,,Journal of Orthopaedic Research,"""Journal of Orthopaedic Research""[Journal]",跨学科扩展期刊；收录前按运动/运动员相关词筛选，来源范围仍需逐刊核验。,运动损伤与恢复,keyword_filter,sport|sports|athlete|athletic|exercise|training|return to sport|return-to-sport|sports injury|rehabilitation|physical therapy|performance
Journal of Bodywork and Movement Therapies,1360-8592,,B,运动损伤/恢复,daily,yes,,Journal of Bodywork and Movement Therapies,"""Journal of Bodywork and Movement Therapies""[Journal]",跨学科扩展期刊；收录前按运动/运动员相关词筛选，来源范围仍需逐刊核验。,运动损伤与恢复,keyword_filter,sport|sports|athlete|athletic|exercise|training|return to sport|return-to-sport|sports injury|rehabilitation|physical therapy|performance
Journal of Back and Musculoskeletal Rehabilitation,1053-8127,1053-8127,B,运动损伤/恢复,daily,yes,,Journal of Back and Musculoskeletal Rehabilitation,"""Journal of Back and Musculoskeletal Rehabilitation""[Journal]",跨学科扩展期刊；收录前按运动/运动员相关词筛选，来源范围仍需逐刊核验。,运动损伤与恢复,keyword_filter,sport|sports|athlete|athletic|exercise|training|return to sport|return-to-sport|sports injury|rehabilitation|physical therapy|performance
Journal of Clinical Exercise Physiology,2165-6193,2165-7629,B,训练生理/处方,daily,yes,,Journal of Clinical Exercise Physiology,"""Journal of Clinical Exercise Physiology""[Journal]",核心领域期刊,训练生理与处方,journal_all,
Journal of Motor Learning and Development,2325-3193,2325-3215,B,训练生理/处方,daily,yes,,Journal of Motor Learning and Development,"""Journal of Motor Learning and Development""[Journal]",核心领域期刊,训练生理与处方,journal_all,
Journal of Functional Morphology and Kinesiology,,2411-5142,B,训练生理/处方,daily,yes,,Journal of Functional Morphology and Kinesiology,"""Journal of Functional Morphology and Kinesiology""[Journal]",核心领域期刊,训练生理与处方,journal_all,
International Journal of Exercise Science,1939-795X,,B,运动生理/训练干预,daily,yes,,International Journal of Exercise Science,"""International Journal of Exercise Science""[Journal]",PubMed lists exercise science across multiple subdisciplines; publisher source pending verification,综合运动科学,journal_all,
Journal of Clinical Sport Psychology,1932-9261,1932-927X,B,运动心理/运动员临床支持,daily,yes,,Journal of Clinical Sport Psychology,"""Journal of Clinical Sport Psychology""[Journal]",ISSNs cross-checked with NLM Catalog; publisher source pending verification,运动心理与行为,journal_all,
