journal_name,priority,domain,publisher,coverage_status,official_source_type,official_source_url,official_source_verified,rss_url,crossref_query,pubmed_query,fallback_sources,next_action,notes,issn,eissn,collection_group,collection_mode
British Journal of Sports Medicine,S,sports medicine/review/clinical,BMJ,official_configured,bmj_online_first,https://bjsm.bmj.com/content/early/recent,yes,,British Journal of Sports Medicine,"""British Journal of Sports Medicine""[Journal]",crossref;pubmed,active_official_source,Coverage-first registry. Official source should be added/verified journal by journal.,,,,
Journal of Sport and Health Science,S,exercise health/mechanism/intervention,to_verify,database_fallback_only,pending,,no,,Journal of Sport and Health Science,"""Journal of Sport and Health Science""[Journal]",crossref;pubmed,add_official_source,Coverage-first registry. Official source should be added/verified journal by journal.,,,,
Sports Medicine,S,review/training/recovery,Springer Nature,official_configured,springer_journal,https://link.springer.com/journal/40279/articles,yes,,Sports Medicine,"""Sports Medicine""[Journal]",crossref;pubmed,active_official_source,Coverage-first registry. Official source should be added/verified journal by journal.,,,,
Sports Medicine-Open,A,sports medicine/open access,Springer Nature,official_configured,springer_journal,https://link.springer.com/journal/40798/articles,yes,,Sports Medicine-Open,"""Sports Medicine-Open""[Journal]",crossref;pubmed,active_official_source,Coverage-first registry. Official source should be added/verified journal by journal.,,,,
Journal of Orthopaedic & Sports Physical Therapy,A,rehabilitation/physical therapy,to_verify,database_fallback_only,pending,,no,,Journal of Orthopaedic & Sports Physical Therapy,"""Journal of Orthopaedic & Sports Physical Therapy""[Journal]",crossref;pubmed,add_official_source,Coverage-first registry. Official source should be added/verified journal by journal.,,,,
Arthroscopy: The Journal of Arthroscopic and Related Surgery,A,orthopaedics/sports injury,to_verify,database_fallback_only,pending,,no,,Arthroscopy: The Journal of Arthroscopic and Related Surgery,"""Arthroscopy: The Journal of Arthroscopic and Related Surgery""[Journal]",crossref;pubmed,add_official_source,Coverage-first registry. Official source should be added/verified journal by journal.,,,,
Biology of Sport,S,exercise physiology/training,to_verify,database_fallback_only,pending,,no,,Biology of Sport,"""Biology of Sport""[Journal]",crossref;pubmed,add_official_source,Coverage-first registry. Official source should be added/verified journal by journal.,,,,
"Knee Surgery, Sports Traumatology, Arthroscopy",A,orthopaedics/sports injury,to_verify,database_fallback_only,pending,,no,,"Knee Surgery, Sports Traumatology, Arthroscopy","""Knee Surgery, Sports Traumatology, Arthroscopy""[Journal]",crossref;pubmed,add_official_source,Coverage-first registry. Official source should be added/verified journal by journal.,,,,
Exercise and Sport Sciences Reviews,S,review/exercise physiology,to_verify,database_fallback_only,pending,,no,,Exercise and Sport Sciences Reviews,"""Exercise and Sport Sciences Reviews""[Journal]",crossref;pubmed,add_official_source,Coverage-first registry. Official source should be added/verified journal by journal.,,,,
American Journal of Sports Medicine,A,sports medicine/orthopaedics,to_verify,database_fallback_only,pending,,no,,American Journal of Sports Medicine,"""American Journal of Sports Medicine""[Journal]",crossref;pubmed,add_official_source,Coverage-first registry. Official source should be added/verified journal by journal.,,,,
International Journal of Sports Physiology and Performance,S,performance/training monitoring,to_verify,database_fallback_only,pending,,no,,International Journal of Sports Physiology and Performance,"""International Journal of Sports Physiology and Performance""[Journal]",crossref;pubmed,add_official_source,Coverage-first registry. Official source should be added/verified journal by journal.,,,,
Medicine & Science in Sports & Exercise,S,exercise physiology/training,to_verify,database_fallback_only,pending,,no,,Medicine & Science in Sports & Exercise,"""Medicine & Science in Sports & Exercise""[Journal]",crossref;pubmed,add_official_source,Coverage-first registry. Official source should be added/verified journal by journal.,,,,
Journal of the International Society of Sports Nutrition,S,sports nutrition/supplementation,to_verify,database_fallback_only,pending,,no,,Journal of the International Society of Sports Nutrition,"""Journal of the International Society of Sports Nutrition""[Journal]",crossref;pubmed,add_official_source,Coverage-first registry. Official source should be added/verified journal by journal.,,,,
Scandinavian Journal of Medicine & Science in Sports,S,exercise medicine/training,to_verify,database_fallback_only,pending,,no,,Scandinavian Journal of Medicine & Science in Sports,"""Scandinavian Journal of Medicine & Science in Sports""[Journal]",crossref;pubmed,add_official_source,Coverage-first registry. Official source should be added/verified journal by journal.,,,,
Exercise Immunology Review,S,exercise immunology/inflammation/review,to_verify,database_fallback_only,pending,,no,,Exercise Immunology Review,"""Exercise Immunology Review""[Journal]",crossref;pubmed,add_official_source,Coverage-first registry. Official source should be added/verified journal by journal.,,,,
Archives of Physical Medicine and Rehabilitation,A,rehabilitation/physical medicine,to_verify,database_fallback_only,pending,,no,,Archives of Physical Medicine and Rehabilitation,"""Archives of Physical Medicine and Rehabilitation""[Journal]",crossref;pubmed,add_official_source,Coverage-first registry. Official source should be added/verified journal by journal.,,,,
Journal of Exercise Science & Fitness,A,exercise science/fitness,to_verify,database_fallback_only,pending,,no,,Journal of Exercise Science & Fitness,"""Journal of Exercise Science & Fitness""[Journal]",crossref;pubmed,add_official_source,Coverage-first registry. Official source should be added/verified journal by journal.,,,,
Science and Medicine in Football,A,football/performance/medicine,to_verify,database_fallback_only,pending,,no,,Science and Medicine in Football,"""Science and Medicine in Football""[Journal]",crossref;pubmed,add_official_source,Coverage-first registry. Official source should be added/verified journal by journal.,,,,
Journal of Sport Management,B,sport management,to_verify,database_fallback_only,pending,,no,,Journal of Sport Management,"""Journal of Sport Management""[Journal]",crossref;pubmed,add_official_source,Coverage-first registry. Official source should be added/verified journal by journal.,,,,
Journal of Science and Medicine in Sport,S,sports medicine/exercise science,to_verify,database_fallback_only,pending,,no,,Journal of Science and Medicine in Sport,"""Journal of Science and Medicine in Sport""[Journal]",crossref;pubmed,add_official_source,Coverage-first registry. Official source should be added/verified journal by journal.,,,,
Journal of Applied Physiology,S,applied physiology/mechanism,to_verify,database_fallback_only,pending,,no,,Journal of Applied Physiology,"""Journal of Applied Physiology""[Journal]",crossref;pubmed,add_official_source,Coverage-first registry. Official source should be added/verified journal by journal.,,,,
Psychology of Sport and Exercise,B,sport psychology,to_verify,database_fallback_only,pending,,no,,Psychology of Sport and Exercise,"""Psychology of Sport and Exercise""[Journal]",crossref;pubmed,add_official_source,Coverage-first registry. Official source should be added/verified journal by journal.,,,,
Journal of Applied Sport Psychology,B,sport psychology,to_verify,database_fallback_only,pending,,no,,Journal of Applied Sport Psychology,"""Journal of Applied Sport Psychology""[Journal]",crossref;pubmed,add_official_source,Coverage-first registry. Official source should be added/verified journal by journal.,,,,
"Qualitative Research in Sport, Exercise and Health",B,qualitative/exercise health,to_verify,database_fallback_only,pending,,no,,"Qualitative Research in Sport, Exercise and Health","""Qualitative Research in Sport, Exercise and Health""[Journal]",crossref;pubmed,add_official_source,Coverage-first registry. Official source should be added/verified journal by journal.,,,,
Journal of Strength and Conditioning Research,S,strength conditioning/training,to_verify,database_fallback_only,pending,,no,,Journal of Strength and Conditioning Research,"""Journal of Strength and Conditioning Research""[Journal]",crossref;pubmed,add_official_source,Coverage-first registry. Official source should be added/verified journal by journal.,,,,
European Journal of Sport Science,S,exercise science/performance,to_verify,database_fallback_only,pending,,no,,European Journal of Sport Science,"""European Journal of Sport Science""[Journal]",crossref;pubmed,add_official_source,Coverage-first registry. Official source should be added/verified journal by journal.,,,,
Strength and Conditioning Journal,A,strength conditioning/practice,to_verify,database_fallback_only,pending,,no,,Strength and Conditioning Journal,"""Strength and Conditioning Journal""[Journal]",crossref;pubmed,add_official_source,Coverage-first registry. Official source should be added/verified journal by journal.,,,,
Journal of Shoulder and Elbow Surgery,A,orthopaedics/shoulder elbow,to_verify,database_fallback_only,pending,,no,,Journal of Shoulder and Elbow Surgery,"""Journal of Shoulder and Elbow Surgery""[Journal]",crossref;pubmed,add_official_source,Coverage-first registry. Official source should be added/verified journal by journal.,,,,
Journal of Athletic Training,A,athletic training/injury,to_verify,database_fallback_only,pending,,no,,Journal of Athletic Training,"""Journal of Athletic Training""[Journal]",crossref;pubmed,add_official_source,Coverage-first registry. Official source should be added/verified journal by journal.,,,,
"BMC Sports Science, Medicine and Rehabilitation",A,sports science/rehabilitation,to_verify,database_fallback_only,pending,,no,,"BMC Sports Science, Medicine and Rehabilitation","""BMC Sports Science, Medicine and Rehabilitation""[Journal]",crossref;pubmed,add_official_source,Coverage-first registry. Official source should be added/verified journal by journal.,,,,
Journal of Human Kinetics,A,kinesiology/exercise science,to_verify,database_fallback_only,pending,,no,,Journal of Human Kinetics,"""Journal of Human Kinetics""[Journal]",crossref;pubmed,add_official_source,Coverage-first registry. Official source should be added/verified journal by journal.,,,,
PM&R,A,physical medicine/rehabilitation,to_verify,database_fallback_only,pending,,no,,PM&R,"""PM&R""[Journal]",crossref;pubmed,add_official_source,Coverage-first registry. Official source should be added/verified journal by journal.,,,,
"Sport, Education and Society",B,sport education/society,to_verify,database_fallback_only,pending,,no,,"Sport, Education and Society","""Sport, Education and Society""[Journal]",crossref;pubmed,add_official_source,Coverage-first registry. Official source should be added/verified journal by journal.,,,,
European Journal of Applied Physiology,S,applied physiology/hypoxia/training,Springer Nature,official_configured,springer_journal,https://link.springer.com/journal/421/articles,yes,,European Journal of Applied Physiology,"""European Journal of Applied Physiology""[Journal]",crossref;pubmed,active_official_source,Coverage-first registry. Official source should be added/verified journal by journal.,,,,
Sports Health: A Multidisciplinary Approach,A,sports health/clinical,to_verify,database_fallback_only,pending,,no,,Sports Health: A Multidisciplinary Approach,"""Sports Health: A Multidisciplinary Approach""[Journal]",crossref;pubmed,add_official_source,Coverage-first registry. Official source should be added/verified journal by journal.,,,,
International Journal of Sport Nutrition and Exercise Metabolism,S,sports nutrition/metabolism,to_verify,database_fallback_only,pending,,no,,International Journal of Sport Nutrition and Exercise Metabolism,"""International Journal of Sport Nutrition and Exercise Metabolism""[Journal]",crossref;pubmed,add_official_source,Coverage-first registry. Official source should be added/verified journal by journal.,,,,
Journal of Sport & Exercise Psychology,B,sport psychology,to_verify,database_fallback_only,pending,,no,,Journal of Sport & Exercise Psychology,"""Journal of Sport & Exercise Psychology""[Journal]",crossref;pubmed,add_official_source,Coverage-first registry. Official source should be added/verified journal by journal.,,,,
Journal of Sports Sciences,A,sports science/performance,to_verify,database_fallback_only,pending,,no,,Journal of Sports Sciences,"""Journal of Sports Sciences""[Journal]",crossref;pubmed,add_official_source,Coverage-first registry. Official source should be added/verified journal by journal.,,,,
Orthopaedic Journal of Sports Medicine,A,orthopaedics/sports medicine,to_verify,database_fallback_only,pending,,no,,Orthopaedic Journal of Sports Medicine,"""Orthopaedic Journal of Sports Medicine""[Journal]",crossref;pubmed,add_official_source,Coverage-first registry. Official source should be added/verified journal by journal.,,,,
American Journal of Physical Medicine & Rehabilitation,A,physical medicine/rehabilitation,to_verify,database_fallback_only,pending,,no,,American Journal of Physical Medicine & Rehabilitation,"""American Journal of Physical Medicine & Rehabilitation""[Journal]",crossref;pubmed,add_official_source,Coverage-first registry. Official source should be added/verified journal by journal.,,,,
Physical Therapy in Sport,A,physical therapy/sport,to_verify,database_fallback_only,pending,,no,,Physical Therapy in Sport,"""Physical Therapy in Sport""[Journal]",crossref;pubmed,add_official_source,Coverage-first registry. Official source should be added/verified journal by journal.,,,,
Journal of Sports Science and Medicine,A,sports science/medicine,to_verify,database_fallback_only,pending,,no,,Journal of Sports Science and Medicine,"""Journal of Sports Science and Medicine""[Journal]",crossref;pubmed,add_official_source,Coverage-first registry. Official source should be added/verified journal by journal.,,,,
Gait & Posture,A,biomechanics/gait,to_verify,database_fallback_only,pending,,no,,Gait & Posture,"""Gait & Posture""[Journal]",crossref;pubmed,add_official_source,Coverage-first registry. Official source should be added/verified journal by journal.,,,,
Journal of Rehabilitation Medicine,A,rehabilitation medicine,to_verify,database_fallback_only,pending,,no,,Journal of Rehabilitation Medicine,"""Journal of Rehabilitation Medicine""[Journal]",crossref;pubmed,add_official_source,Coverage-first registry. Official source should be added/verified journal by journal.,,,,
Journal of Electromyography and Kinesiology,A,EMG/kinesiology/neuromuscular,to_verify,database_fallback_only,pending,,no,,Journal of Electromyography and Kinesiology,"""Journal of Electromyography and Kinesiology""[Journal]",crossref;pubmed,add_official_source,Coverage-first registry. Official source should be added/verified journal by journal.,,,,
Sociology of Sport Journal,B,sport sociology,to_verify,database_fallback_only,pending,,no,,Sociology of Sport Journal,"""Sociology of Sport Journal""[Journal]",crossref;pubmed,add_official_source,Coverage-first registry. Official source should be added/verified journal by journal.,,,,
International Journal of Sports Medicine,A,sports medicine/exercise physiology,to_verify,database_fallback_only,pending,,no,,International Journal of Sports Medicine,"""International Journal of Sports Medicine""[Journal]",crossref;pubmed,add_official_source,Coverage-first registry. Official source should be added/verified journal by journal.,,,,
The Knee,A,orthopaedics/knee,to_verify,database_fallback_only,pending,,no,,The Knee,"""The Knee""[Journal]",crossref;pubmed,add_official_source,Coverage-first registry. Official source should be added/verified journal by journal.,,,,
"Applied Physiology, Nutrition, and Metabolism",S,applied physiology/nutrition/metabolism,to_verify,database_fallback_only,pending,,no,,"Applied Physiology, Nutrition, and Metabolism","""Applied Physiology, Nutrition, and Metabolism""[Journal]",crossref;pubmed,add_official_source,Coverage-first registry. Official source should be added/verified journal by journal.,,,,
Sports Biomechanics,A,biomechanics/sport,to_verify,database_fallback_only,pending,,no,,Sports Biomechanics,"""Sports Biomechanics""[Journal]",crossref;pubmed,add_official_source,Coverage-first registry. Official source should be added/verified journal by journal.,,,,
Measurement in Physical Education and Exercise Science,B,measurement/education/exercise science,to_verify,database_fallback_only,pending,,no,,Measurement in Physical Education and Exercise Science,"""Measurement in Physical Education and Exercise Science""[Journal]",crossref;pubmed,add_official_source,Coverage-first registry. Official source should be added/verified journal by journal.,,,,
Research in Sports Medicine,A,sports medicine/research,to_verify,database_fallback_only,pending,,no,,Research in Sports Medicine,"""Research in Sports Medicine""[Journal]",crossref;pubmed,add_official_source,Coverage-first registry. Official source should be added/verified journal by journal.,,,,
Human Movement Science,A,motor control/movement science,to_verify,database_fallback_only,pending,,no,,Human Movement Science,"""Human Movement Science""[Journal]",crossref;pubmed,add_official_source,Coverage-first registry. Official source should be added/verified journal by journal.,,,,
Journal of Teaching in Physical Education,B,physical education/teaching,to_verify,database_fallback_only,pending,,no,,Journal of Teaching in Physical Education,"""Journal of Teaching in Physical Education""[Journal]",crossref;pubmed,add_official_source,Coverage-first registry. Official source should be added/verified journal by journal.,,,,
Clinical Journal of Sport Medicine,A,clinical sports medicine,to_verify,database_fallback_only,pending,,no,,Clinical Journal of Sport Medicine,"""Clinical Journal of Sport Medicine""[Journal]",crossref;pubmed,add_official_source,Coverage-first registry. Official source should be added/verified journal by journal.,,,,
Journal of Orthopaedic Trauma,A,orthopaedic trauma,to_verify,database_fallback_only,pending,,no,,Journal of Orthopaedic Trauma,"""Journal of Orthopaedic Trauma""[Journal]",crossref;pubmed,add_official_source,Coverage-first registry. Official source should be added/verified journal by journal.,,,,
The Physician and Sportsmedicine,A,sports medicine/clinical,to_verify,database_fallback_only,pending,,no,,The Physician and Sportsmedicine,"""The Physician and Sportsmedicine""[Journal]",crossref;pubmed,add_official_source,Coverage-first registry. Official source should be added/verified journal by journal.,,,,
ACSM’s Health & Fitness Journal,B,health fitness/practice,to_verify,database_fallback_only,pending,,no,,ACSM’s Health & Fitness Journal,"""ACSM’s Health & Fitness Journal""[Journal]",crossref;pubmed,add_official_source,Coverage-first registry. Official source should be added/verified journal by journal.,,,,
Sports Medicine and Arthroscopy Review,A,sports medicine/arthroscopy/review,to_verify,database_fallback_only,pending,,no,,Sports Medicine and Arthroscopy Review,"""Sports Medicine and Arthroscopy Review""[Journal]",crossref;pubmed,add_official_source,Coverage-first registry. Official source should be added/verified journal by journal.,,,,
Quest,B,physical education/kinesiology,to_verify,database_fallback_only,pending,,no,,Quest,"""Quest""[Journal]",crossref;pubmed,add_official_source,Coverage-first registry. Official source should be added/verified journal by journal.,,,,
Adapted Physical Activity Quarterly,B,adapted physical activity,to_verify,database_fallback_only,pending,,no,,Adapted Physical Activity Quarterly,"""Adapted Physical Activity Quarterly""[Journal]",crossref;pubmed,add_official_source,Coverage-first registry. Official source should be added/verified journal by journal.,,,,
International Journal of Performance Analysis in Sport,A,performance analysis,to_verify,database_fallback_only,pending,,no,,International Journal of Performance Analysis in Sport,"""International Journal of Performance Analysis in Sport""[Journal]",crossref;pubmed,add_official_source,Coverage-first registry. Official source should be added/verified journal by journal.,,,,
Clinics in Sports Medicine,A,sports medicine/review,to_verify,database_fallback_only,pending,,no,,Clinics in Sports Medicine,"""Clinics in Sports Medicine""[Journal]",crossref;pubmed,add_official_source,Coverage-first registry. Official source should be added/verified journal by journal.,,,,
Research Quarterly for Exercise and Sport,B,exercise sport research,to_verify,database_fallback_only,pending,,no,,Research Quarterly for Exercise and Sport,"""Research Quarterly for Exercise and Sport""[Journal]",crossref;pubmed,add_official_source,Coverage-first registry. Official source should be added/verified journal by journal.,,,,
Archives of Budo: Journal of Innovative Agonology,C,martial arts/agonology,to_verify,database_fallback_only,pending,,no,,Archives of Budo: Journal of Innovative Agonology,"""Archives of Budo: Journal of Innovative Agonology""[Journal]",crossref;pubmed,add_official_source,Coverage-first registry. Official source should be added/verified journal by journal.,,,,
Journal of Sport Rehabilitation,A,sport rehabilitation,to_verify,database_fallback_only,pending,,no,,Journal of Sport Rehabilitation,"""Journal of Sport Rehabilitation""[Journal]",crossref;pubmed,add_official_source,Coverage-first registry. Official source should be added/verified journal by journal.,,,,
Journal of Aging and Physical Activity,B,aging/physical activity,to_verify,database_fallback_only,pending,,no,,Journal of Aging and Physical Activity,"""Journal of Aging and Physical Activity""[Journal]",crossref;pubmed,add_official_source,Coverage-first registry. Official source should be added/verified journal by journal.,,,,
Clinical Biomechanics,A,biomechanics/clinical,to_verify,database_fallback_only,pending,,no,,Clinical Biomechanics,"""Clinical Biomechanics""[Journal]",crossref;pubmed,add_official_source,Coverage-first registry. Official source should be added/verified journal by journal.,,,,
High Altitude Medicine & Biology,S,hypoxia/altitude/oxygen environment,to_verify,database_fallback_only,pending,,no,,High Altitude Medicine & Biology,"""High Altitude Medicine & Biology""[Journal]",crossref;pubmed,add_official_source,Coverage-first registry. Official source should be added/verified journal by journal.,,,,
Motor Control,A,motor control/neuroscience,to_verify,database_fallback_only,pending,,no,,Motor Control,"""Motor Control""[Journal]",crossref;pubmed,add_official_source,Coverage-first registry. Official source should be added/verified journal by journal.,,,,
Current Sports Medicine Reports,A,sports medicine/report/review,to_verify,database_fallback_only,pending,,no,,Current Sports Medicine Reports,"""Current Sports Medicine Reports""[Journal]",crossref;pubmed,add_official_source,Coverage-first registry. Official source should be added/verified journal by journal.,,,,
Pediatric Exercise Science,B,pediatric exercise science,to_verify,database_fallback_only,pending,,no,,Pediatric Exercise Science,"""Pediatric Exercise Science""[Journal]",crossref;pubmed,add_official_source,Coverage-first registry. Official source should be added/verified journal by journal.,,,,
Journal of Sports Medicine and Physical Fitness,A,sports medicine/physical fitness,to_verify,database_fallback_only,pending,,no,,Journal of Sports Medicine and Physical Fitness,"""Journal of Sports Medicine and Physical Fitness""[Journal]",crossref;pubmed,add_official_source,Coverage-first registry. Official source should be added/verified journal by journal.,,,,
Journal of Applied Biomechanics,A,biomechanics/applied,to_verify,database_fallback_only,pending,,no,,Journal of Applied Biomechanics,"""Journal of Applied Biomechanics""[Journal]",crossref;pubmed,add_official_source,Coverage-first registry. Official source should be added/verified journal by journal.,,,,
The Sport Psychologist,B,sport psychology,to_verify,database_fallback_only,pending,,no,,The Sport Psychologist,"""The Sport Psychologist""[Journal]",crossref;pubmed,add_official_source,Coverage-first registry. Official source should be added/verified journal by journal.,,,,
Journal of Motor Behavior,A,motor behavior,to_verify,database_fallback_only,pending,,no,,Journal of Motor Behavior,"""Journal of Motor Behavior""[Journal]",crossref;pubmed,add_official_source,Coverage-first registry. Official source should be added/verified journal by journal.,,,,
Wilderness & Environmental Medicine,A,environmental medicine/wilderness/hypoxia,to_verify,database_fallback_only,pending,,no,,Wilderness & Environmental Medicine,"""Wilderness & Environmental Medicine""[Journal]",crossref;pubmed,add_official_source,Coverage-first registry. Official source should be added/verified journal by journal.,,,,
"Proceedings of the Institution of Mechanical Engineers, Part P: Journal of Sports Engineering and Technology",B,sports engineering/technology,to_verify,database_fallback_only,pending,,no,,"Proceedings of the Institution of Mechanical Engineers, Part P: Journal of Sports Engineering and Technology","""Proceedings of the Institution of Mechanical Engineers, Part P: Journal of Sports Engineering and Technology""[Journal]",crossref;pubmed,add_official_source,Coverage-first registry. Official source should be added/verified journal by journal.,,,,
Science & Sports,B,sports science/medicine,to_verify,database_fallback_only,pending,,no,,Science & Sports,"""Science & Sports""[Journal]",crossref;pubmed,add_official_source,Coverage-first registry. Official source should be added/verified journal by journal.,,,,
Kinesiology,B,kinesiology,to_verify,database_fallback_only,pending,,no,,Kinesiology,"""Kinesiology""[Journal]",crossref;pubmed,add_official_source,Coverage-first registry. Official source should be added/verified journal by journal.,,,,
Isokinetics and Exercise Science,C,isokinetics/exercise science,to_verify,database_fallback_only,pending,,no,,Isokinetics and Exercise Science,"""Isokinetics and Exercise Science""[Journal]",crossref;pubmed,add_official_source,Coverage-first registry. Official source should be added/verified journal by journal.,,,,
Operative Techniques in Sports Medicine,C,sports surgery/operative technique,to_verify,database_fallback_only,pending,,no,,Operative Techniques in Sports Medicine,"""Operative Techniques in Sports Medicine""[Journal]",crossref;pubmed,add_official_source,Coverage-first registry. Official source should be added/verified journal by journal.,,,,
International Journal of Sport Psychology,B,sport psychology,to_verify,database_fallback_only,pending,,no,,International Journal of Sport Psychology,"""International Journal of Sport Psychology""[Journal]",crossref;pubmed,add_official_source,Coverage-first registry. Official source should be added/verified journal by journal.,,,,
Medicina dello Sport,C,sports medicine,to_verify,database_fallback_only,pending,,no,,Medicina dello Sport,"""Medicina dello Sport""[Journal]",crossref;pubmed,add_official_source,Coverage-first registry. Official source should be added/verified journal by journal.,,,,
"Physikalische Medizin, Rehabilitationsmedizin, Kurortmedizin",C,physical medicine/rehabilitation,to_verify,database_fallback_only,pending,,no,,"Physikalische Medizin, Rehabilitationsmedizin, Kurortmedizin","""Physikalische Medizin, Rehabilitationsmedizin, Kurortmedizin""[Journal]",crossref;pubmed,add_official_source,Coverage-first registry. Official source should be added/verified journal by journal.,,,,
Sportverletzung-Sportschaden,C,sports injury,to_verify,database_fallback_only,pending,,no,,Sportverletzung-Sportschaden,"""Sportverletzung-Sportschaden""[Journal]",crossref;pubmed,add_official_source,Coverage-first registry. Official source should be added/verified journal by journal.,,,,
Sports Coaching Review,,,,database_fallback_only,,,no,,Sports Coaching Review,"""Sports Coaching Review""[Journal]",crossref;pubmed,verify_official_rss_or_publisher_api,Expanded catalogue entry; Crossref ISSN fields use exact-title registry matches where available. Publisher feed is not yet verified.,2164-0629,2164-0637,教练与训练实践,journal_all
International Sport Coaching Journal,,,,database_fallback_only,,,no,,International Sport Coaching Journal,"""International Sport Coaching Journal""[Journal]",crossref;pubmed,verify_official_rss_or_publisher_api,Expanded catalogue entry; Crossref ISSN fields use exact-title registry matches where available. Publisher feed is not yet verified.,2328-918X,2328-9198,教练与训练实践,journal_all
International Journal of Sports Science & Coaching,,,,database_fallback_only,,,no,,International Journal of Sports Science & Coaching,"""International Journal of Sports Science & Coaching""[Journal]",crossref;pubmed,verify_official_rss_or_publisher_api,Expanded catalogue entry; Crossref ISSN fields use exact-title registry matches where available. Publisher feed is not yet verified.,,,教练与训练实践,journal_all
Journal of Coaching Education,,,,database_fallback_only,,,no,,Journal of Coaching Education,"""Journal of Coaching Education""[Journal]",crossref;pubmed,verify_official_rss_or_publisher_api,Expanded catalogue entry; Crossref ISSN fields use exact-title registry matches where available. Publisher feed is not yet verified.,1938-7016,,教练与训练实践,journal_all
Journal of Sports Analytics,,,,database_fallback_only,,,no,,Journal of Sports Analytics,"""Journal of Sports Analytics""[Journal]",crossref;pubmed,verify_official_rss_or_publisher_api,Expanded catalogue entry; Crossref ISSN fields use exact-title registry matches where available. Publisher feed is not yet verified.,2215-020X,2215-0218,竞赛分析与表现,journal_all
Sport Management Review,,,,database_fallback_only,,,no,,Sport Management Review,"""Sport Management Review""[Journal]",crossref;pubmed,verify_official_rss_or_publisher_api,Expanded catalogue entry; Crossref ISSN fields use exact-title registry matches where available. Publisher feed is not yet verified.,1441-3523,1839-2083,教练与运动组织,keyword_filter
International Journal of Sport Policy and Politics,,,,database_fallback_only,,,no,,International Journal of Sport Policy and Politics,"""International Journal of Sport Policy and Politics""[Journal]",crossref;pubmed,verify_official_rss_or_publisher_api,Expanded catalogue entry; Crossref ISSN fields use exact-title registry matches where available. Publisher feed is not yet verified.,1940-6940,1940-6959,教练与运动组织,keyword_filter
Journal of Sport Psychology in Action,,,,database_fallback_only,,,no,,Journal of Sport Psychology in Action,"""Journal of Sport Psychology in Action""[Journal]",crossref;pubmed,verify_official_rss_or_publisher_api,Expanded catalogue entry; Crossref ISSN fields use exact-title registry matches where available. Publisher feed is not yet verified.,2152-0704,2152-0712,运动心理与行为,journal_all
International Journal of Sport and Exercise Psychology,,,,database_fallback_only,,,no,,International Journal of Sport and Exercise Psychology,"""International Journal of Sport and Exercise Psychology""[Journal]",crossref;pubmed,verify_official_rss_or_publisher_api,Expanded catalogue entry; Crossref ISSN fields use exact-title registry matches where available. Publisher feed is not yet verified.,1612-197X,1557-251X,运动心理与行为,journal_all
"Sport, Exercise, and Performance Psychology",,,,database_fallback_only,,,no,,"Sport, Exercise, and Performance Psychology","""Sport, Exercise, and Performance Psychology""[Journal]",crossref;pubmed,verify_official_rss_or_publisher_api,Expanded catalogue entry; Crossref ISSN fields use exact-title registry matches where available. Publisher feed is not yet verified.,2157-3905,2157-3913,运动心理与行为,journal_all
Journal of Sport Behavior,,,,database_fallback_only,,,no,,Journal of Sport Behavior,"""Journal of Sport Behavior""[Journal]",crossref;pubmed,verify_official_rss_or_publisher_api,Expanded catalogue entry; Crossref ISSN fields use exact-title registry matches where available. Publisher feed is not yet verified.,,,运动心理与行为,keyword_filter
Sport in Society,,,,database_fallback_only,,,no,,Sport in Society,"""Sport in Society""[Journal]",crossref;pubmed,verify_official_rss_or_publisher_api,Expanded catalogue entry; Crossref ISSN fields use exact-title registry matches where available. Publisher feed is not yet verified.,1743-0437,1743-0445,教练与运动组织,keyword_filter
Frontiers in Sports and Active Living,,,,database_fallback_only,,,no,,Frontiers in Sports and Active Living,"""Frontiers in Sports and Active Living""[Journal]",crossref;pubmed,verify_official_rss_or_publisher_api,Expanded catalogue entry; Crossref ISSN fields use exact-title registry matches where available. Publisher feed is not yet verified.,,2624-9367,综合运动科学,journal_all
Sports,,,,database_fallback_only,,,no,,Sports,"""Sports""[Journal]",crossref;pubmed,verify_official_rss_or_publisher_api,Expanded catalogue entry; Crossref ISSN fields use exact-title registry matches where available. Publisher feed is not yet verified.,,2075-4663,综合运动科学,journal_all
Sports Medicine and Health Science,,,,database_fallback_only,,,no,,Sports Medicine and Health Science,"""Sports Medicine and Health Science""[Journal]",crossref;pubmed,verify_official_rss_or_publisher_api,Expanded catalogue entry; Crossref ISSN fields use exact-title registry matches where available. Publisher feed is not yet verified.,2666-3376,,综合运动科学,journal_all
"Exercise, Sport, and Movement",,,,database_fallback_only,,,no,,"Exercise, Sport, and Movement","""Exercise, Sport, and Movement""[Journal]",crossref;pubmed,verify_official_rss_or_publisher_api,Expanded catalogue entry; Crossref ISSN fields use exact-title registry matches where available. Publisher feed is not yet verified.,,2831-3461,综合运动科学,journal_all
Sport Sciences for Health,,,,database_fallback_only,,,no,,Sport Sciences for Health,"""Sport Sciences for Health""[Journal]",crossref;pubmed,verify_official_rss_or_publisher_api,Expanded catalogue entry; Crossref ISSN fields use exact-title registry matches where available. Publisher feed is not yet verified.,1824-7490,1825-1234,综合运动科学,journal_all
Journal of Human Sport and Exercise,,,,database_fallback_only,,,no,,Journal of Human Sport and Exercise,"""Journal of Human Sport and Exercise""[Journal]",crossref;pubmed,verify_official_rss_or_publisher_api,Expanded catalogue entry; Crossref ISSN fields use exact-title registry matches where available. Publisher feed is not yet verified.,1988-5202,1988-5202,综合运动科学,journal_all
Journal of Science in Sport and Exercise,,,,database_fallback_only,,,no,,Journal of Science in Sport and Exercise,"""Journal of Science in Sport and Exercise""[Journal]",crossref;pubmed,verify_official_rss_or_publisher_api,Expanded catalogue entry; Crossref ISSN fields use exact-title registry matches where available. Publisher feed is not yet verified.,2096-6709,2662-1371,综合运动科学,journal_all
Journal of Physical Activity and Health,,,,database_fallback_only,,,no,,Journal of Physical Activity and Health,"""Journal of Physical Activity and Health""[Journal]",crossref;pubmed,verify_official_rss_or_publisher_api,Expanded catalogue entry; Crossref ISSN fields use exact-title registry matches where available. Publisher feed is not yet verified.,1543-3080,1543-5474,运动健康与活动,journal_all
International Journal of Behavioral Nutrition and Physical Activity,,,,database_fallback_only,,,no,,International Journal of Behavioral Nutrition and Physical Activity,"""International Journal of Behavioral Nutrition and Physical Activity""[Journal]",crossref;pubmed,verify_official_rss_or_publisher_api,Expanded catalogue entry; Crossref ISSN fields use exact-title registry matches where available. Publisher feed is not yet verified.,1479-5868,1479-5868,运动健康与活动,keyword_filter
Journal of Sport and Health Research,,,,database_fallback_only,,,no,,Journal of Sport and Health Research,"""Journal of Sport and Health Research""[Journal]",crossref;pubmed,verify_official_rss_or_publisher_api,Expanded catalogue entry; Crossref ISSN fields use exact-title registry matches where available. Publisher feed is not yet verified.,,1989-6239,综合运动科学,journal_all
Aerospace Medicine and Human Performance,,,,database_fallback_only,,,no,,Aerospace Medicine and Human Performance,"""Aerospace Medicine and Human Performance""[Journal]",crossref;pubmed,verify_official_rss_or_publisher_api,Expanded catalogue entry; Crossref ISSN fields use exact-title registry matches where available. Publisher feed is not yet verified.,2375-6314,2375-6322,特殊环境与人体表现,keyword_filter
Journal of Thermal Biology,,,,database_fallback_only,,,no,,Journal of Thermal Biology,"""Journal of Thermal Biology""[Journal]",crossref;pubmed,verify_official_rss_or_publisher_api,Expanded catalogue entry; Crossref ISSN fields use exact-title registry matches where available. Publisher feed is not yet verified.,0306-4565,,特殊环境与人体表现,keyword_filter
Temperature,,,,database_fallback_only,,,no,,Temperature,"""Temperature""[Journal]",crossref;pubmed,verify_official_rss_or_publisher_api,Expanded catalogue entry; Crossref ISSN fields use exact-title registry matches where available. Publisher feed is not yet verified.,2332-8940,2332-8959,特殊环境与人体表现,keyword_filter
International Journal of Biometeorology,,,,database_fallback_only,,,no,,International Journal of Biometeorology,"""International Journal of Biometeorology""[Journal]",crossref;pubmed,verify_official_rss_or_publisher_api,Expanded catalogue entry; Crossref ISSN fields use exact-title registry matches where available. Publisher feed is not yet verified.,0020-7128,1432-1254,特殊环境与人体表现,keyword_filter
Nutrients,,,,database_fallback_only,,,no,,Nutrients,"""Nutrients""[Journal]",crossref;pubmed,verify_official_rss_or_publisher_api,Expanded catalogue entry; Crossref ISSN fields use exact-title registry matches where available. Publisher feed is not yet verified.,,2072-6643,运动营养与代谢,keyword_filter
Frontiers in Nutrition,,,,database_fallback_only,,,no,,Frontiers in Nutrition,"""Frontiers in Nutrition""[Journal]",crossref;pubmed,verify_official_rss_or_publisher_api,Expanded catalogue entry; Crossref ISSN fields use exact-title registry matches where available. Publisher feed is not yet verified.,,2296-861X,运动营养与代谢,keyword_filter
Clinical Nutrition,,,,database_fallback_only,,,no,,Clinical Nutrition,"""Clinical Nutrition""[Journal]",crossref;pubmed,verify_official_rss_or_publisher_api,Expanded catalogue entry; Crossref ISSN fields use exact-title registry matches where available. Publisher feed is not yet verified.,0261-5614,,运动营养与代谢,keyword_filter
European Journal of Nutrition,,,,database_fallback_only,,,no,,European Journal of Nutrition,"""European Journal of Nutrition""[Journal]",crossref;pubmed,verify_official_rss_or_publisher_api,Expanded catalogue entry; Crossref ISSN fields use exact-title registry matches where available. Publisher feed is not yet verified.,1436-6207,1436-6215,运动营养与代谢,keyword_filter
Journal of the Academy of Nutrition and Dietetics,,,,database_fallback_only,,,no,,Journal of the Academy of Nutrition and Dietetics,"""Journal of the Academy of Nutrition and Dietetics""[Journal]",crossref;pubmed,verify_official_rss_or_publisher_api,Expanded catalogue entry; Crossref ISSN fields use exact-title registry matches where available. Publisher feed is not yet verified.,2212-2672,,运动营养与代谢,keyword_filter
Nutrition Reviews,,,,database_fallback_only,,,no,,Nutrition Reviews,"""Nutrition Reviews""[Journal]",crossref;pubmed,verify_official_rss_or_publisher_api,Expanded catalogue entry; Crossref ISSN fields use exact-title registry matches where available. Publisher feed is not yet verified.,0029-6643,1753-4887,运动营养与代谢,keyword_filter
Nutrition & Metabolism,,,,database_fallback_only,,,no,,Nutrition & Metabolism,"""Nutrition & Metabolism""[Journal]",crossref;pubmed,verify_official_rss_or_publisher_api,Expanded catalogue entry; Crossref ISSN fields use exact-title registry matches where available. Publisher feed is not yet verified.,,,运动营养与代谢,keyword_filter
Journal of Dietary Supplements,,,,database_fallback_only,,,no,,Journal of Dietary Supplements,"""Journal of Dietary Supplements""[Journal]",crossref;pubmed,verify_official_rss_or_publisher_api,Expanded catalogue entry; Crossref ISSN fields use exact-title registry matches where available. Publisher feed is not yet verified.,1939-0211,1939-022X,运动营养与代谢,keyword_filter
Appetite,,,,database_fallback_only,,,no,,Appetite,"""Appetite""[Journal]",crossref;pubmed,verify_official_rss_or_publisher_api,Expanded catalogue entry; Crossref ISSN fields use exact-title registry matches where available. Publisher feed is not yet verified.,0195-6663,1095-8304,运动营养与代谢,keyword_filter
Journal of Human Nutrition and Dietetics,,,,database_fallback_only,,,no,,Journal of Human Nutrition and Dietetics,"""Journal of Human Nutrition and Dietetics""[Journal]",crossref;pubmed,verify_official_rss_or_publisher_api,Expanded catalogue entry; Crossref ISSN fields use exact-title registry matches where available. Publisher feed is not yet verified.,0952-3871,1365-277X,运动营养与代谢,keyword_filter
The Journal of Nutrition,,,,database_fallback_only,,,no,,The Journal of Nutrition,"""The Journal of Nutrition""[Journal]",crossref;pubmed,verify_official_rss_or_publisher_api,Expanded catalogue entry; Crossref ISSN fields use exact-title registry matches where available. Publisher feed is not yet verified.,,,运动营养与代谢,keyword_filter
Nutrition Journal,,,,database_fallback_only,,,no,,Nutrition Journal,"""Nutrition Journal""[Journal]",crossref;pubmed,verify_official_rss_or_publisher_api,Expanded catalogue entry; Crossref ISSN fields use exact-title registry matches where available. Publisher feed is not yet verified.,,,运动营养与代谢,keyword_filter
BMJ Open Sport & Exercise Medicine,,,,database_fallback_only,,,no,,BMJ Open Sport & Exercise Medicine,"""BMJ Open Sport & Exercise Medicine""[Journal]",crossref;pubmed,verify_official_rss_or_publisher_api,Expanded catalogue entry; Crossref ISSN fields use exact-title registry matches where available. Publisher feed is not yet verified.,,,运动损伤与恢复,journal_all
International Journal of Sports Physical Therapy,,,,database_fallback_only,,,no,,International Journal of Sports Physical Therapy,"""International Journal of Sports Physical Therapy""[Journal]",crossref;pubmed,verify_official_rss_or_publisher_api,Expanded catalogue entry; Crossref ISSN fields use exact-title registry matches where available. Publisher feed is not yet verified.,,2159-2896,运动损伤与恢复,journal_all
Musculoskeletal Science and Practice,,,,database_fallback_only,,,no,,Musculoskeletal Science and Practice,"""Musculoskeletal Science and Practice""[Journal]",crossref;pubmed,verify_official_rss_or_publisher_api,Expanded catalogue entry; Crossref ISSN fields use exact-title registry matches where available. Publisher feed is not yet verified.,2468-7812,,运动损伤与恢复,keyword_filter
Clinical Rehabilitation,,,,database_fallback_only,,,no,,Clinical Rehabilitation,"""Clinical Rehabilitation""[Journal]",crossref;pubmed,verify_official_rss_or_publisher_api,Expanded catalogue entry; Crossref ISSN fields use exact-title registry matches where available. Publisher feed is not yet verified.,0269-2155,1477-0873,运动损伤与恢复,keyword_filter
Journal of Orthopaedic Research,,,,database_fallback_only,,,no,,Journal of Orthopaedic Research,"""Journal of Orthopaedic Research""[Journal]",crossref;pubmed,verify_official_rss_or_publisher_api,Expanded catalogue entry; Crossref ISSN fields use exact-title registry matches where available. Publisher feed is not yet verified.,0736-0266,1554-527X,运动损伤与恢复,keyword_filter
Journal of Bodywork and Movement Therapies,,,,database_fallback_only,,,no,,Journal of Bodywork and Movement Therapies,"""Journal of Bodywork and Movement Therapies""[Journal]",crossref;pubmed,verify_official_rss_or_publisher_api,Expanded catalogue entry; Crossref ISSN fields use exact-title registry matches where available. Publisher feed is not yet verified.,1360-8592,,运动损伤与恢复,keyword_filter
Journal of Back and Musculoskeletal Rehabilitation,,,,database_fallback_only,,,no,,Journal of Back and Musculoskeletal Rehabilitation,"""Journal of Back and Musculoskeletal Rehabilitation""[Journal]",crossref;pubmed,verify_official_rss_or_publisher_api,Expanded catalogue entry; Crossref ISSN fields use exact-title registry matches where available. Publisher feed is not yet verified.,1053-8127,1053-8127,运动损伤与恢复,keyword_filter
Journal of Clinical Exercise Physiology,,,,database_fallback_only,,,no,,Journal of Clinical Exercise Physiology,"""Journal of Clinical Exercise Physiology""[Journal]",crossref;pubmed,verify_official_rss_or_publisher_api,Expanded catalogue entry; Crossref ISSN fields use exact-title registry matches where available. Publisher feed is not yet verified.,2165-6193,2165-7629,训练生理与处方,journal_all
Journal of Motor Learning and Development,,,,database_fallback_only,,,no,,Journal of Motor Learning and Development,"""Journal of Motor Learning and Development""[Journal]",crossref;pubmed,verify_official_rss_or_publisher_api,Expanded catalogue entry; Crossref ISSN fields use exact-title registry matches where available. Publisher feed is not yet verified.,2325-3193,2325-3215,训练生理与处方,journal_all
Journal of Functional Morphology and Kinesiology,,,,database_fallback_only,,,no,,Journal of Functional Morphology and Kinesiology,"""Journal of Functional Morphology and Kinesiology""[Journal]",crossref;pubmed,verify_official_rss_or_publisher_api,Expanded catalogue entry; Crossref ISSN fields use exact-title registry matches where available. Publisher feed is not yet verified.,,2411-5142,训练生理与处方,journal_all
International Journal of Exercise Science,,,,database_fallback_only,,,no,,International Journal of Exercise Science,"""International Journal of Exercise Science""[Journal]",crossref;pubmed,verify_official_rss_or_publisher_api,Expanded catalogue entry; Crossref ISSN fields use exact-title registry matches where available. Publisher feed is not yet verified.,1939-795X,,综合运动科学,journal_all
Journal of Clinical Sport Psychology,,,,database_fallback_only,,,no,,Journal of Clinical Sport Psychology,"""Journal of Clinical Sport Psychology""[Journal]",crossref;pubmed,verify_official_rss_or_publisher_api,Expanded catalogue entry; Crossref ISSN fields use exact-title registry matches where available. Publisher feed is not yet verified.,1932-9261,1932-927X,运动心理与行为,journal_all
